,CHROM,GENE,POS,REF,ALT,AA,%Var,QUAL,EFFECT,RES,HGVS_P,%FwdVar,%RevVar,Coverage
0,A_X51970_A_azure,SAg,287,T,G,p.S45A,0.1925548189699133,16678.0,missense_variant,No,p.Ser45Ala,0.19955019423430792,0.1855921855921856,9899
1,A_X51970_A_azure,SAg,554,T,A,p.F134I,0.14236217262814635,8893.0,missense_variant,No,p.Phe134Ile,0.14539151712887438,0.13933591362803016,9953
2,A_X51970_A_azure,SAg,555,T,A,p.F134Y,0.1423076923076923,9222.0,missense_variant,No,p.Phe134Tyr,0.14692714692714692,0.13773660894079742,9955
3,A_X51970_A_azure,SAg,556,T,A,p.F134L,0.14199090449722082,8984.0,missense_variant,No,p.Phe134Leu,0.14689725330620548,0.13714859437751004,9846
4,A_X51970_A_azure,SAg,558,C,A,p.P135H,0.13922004445342492,9051.0,missense_variant,No,p.Pro135His,0.1419068736141907,0.13652015393963945,9945
5,A_X51970_A_azure,SAg,581,A,T,p.T143S,0.11680244399185336,3797.0,missense_variant,No,p.Thr143Ser,0.12414649286157665,0.10968518147182675,9957
6,A_X51970_A_azure,SAg,621,G,T,p.W156L,0.19713443755715881,14632.0,missense_variant,No,p.Trp156Leu,0.20117982099267698,0.1930964467005076,9979
7,A_X51970_A_azure,SAg,633,A,G,p.K160R,0.11993927125506072,2929.0,missense_variant,No,p.Lys160Arg,0.12140703517587939,0.11845056065239551,9968
8,A_X51970_A_azure,SAg,636,A,T,p.Y161F,0.0549506984387839,370.0,missense_variant,No,p.Tyr161Phe,0.06160843498035973,0.04837721984078383,9924
9,A_X51970_A_azure,SAg,646,G,T,p.E164D,0.14200465257408718,10862.0,missense_variant,No,p.Glu164Asp,0.1437308868501529,0.14030509835407468,9967
10,A_X51970_A_azure,SAg,735,C,T,p.A194V,0.20030135610246108,8054.0,missense_variant,No,p.Ala194Val,0.20471489018738667,0.19591346153846154,9918
11,A_X51970_A_azure,SAg,739,A,G,p.I195M,0.055741021750126456,248.0,missense_variant,No,p.Ile195Met,0.06001638672675133,0.05156905856486108,9977
12,A_X51970_A_azure,SAg,546,A,C,p.N131T,0.1924239371347975,11719.0,missense_variant,No,p.Asn131Thr,0.20282542885973764,0.1820559243612955,9949
13,A_X51970_A_azure,SAg,774,G,A,p.S207N,0.19735368956743002,7065.0,missense_variant,No,p.Ser207Asn,0.20371883939517776,0.19103630095315352,9955
14,A_X51970_A_azure,SAg,294,T,C,p.V47A,0.1963681132656202,10594.0,missense_variant,No,p.Val47Ala,0.20316027088036118,0.18957734919983588,9932
15,A_X51970_A_azure,SAg,300,T,C,p.L49P,0.2085934248855597,18500.0,missense_variant,No,p.Leu49Pro,0.21555881736213042,0.20173446211026225,9902
16,A_X51970_A_azure,SAg,315,G,A,p.R54Q,0.9396902120180161,49314.0,missense_variant,No,p.Arg54Gln,0.9308817013735047,0.9483547613859229,9893
17,A_X51970_A_azure,SAg,317,T,G,p.S55A,0.06704486848891181,1228.0,missense_variant,No,p.Ser55Ala,0.06028888423696881,0.07360715738104921,9788
18,A_X51970_A_azure,SAg,318,C,T,p.S55F,0.06832234130255564,1088.0,missense_variant,No,p.Ser55Phe,0.06524019299349695,0.07129835932752684,9917
19,A_X51970_A_azure,SAg,482,A,C,p.I110L,0.19722728192673547,13692.0,missense_variant,No,p.Ile110Leu,0.19747299775830446,0.19698492462311556,9947
20,A_X51970_A_azure,SAg,486,T,C,p.L111P,0.9795372750642674,49314.0,missense_variant,No,p.Leu111Pro,0.9807053941908713,0.9783893985728848,9975
21,A_X51970_A_azure,SAg,491,T,A,p.S113T,0.19699414968731088,14803.0,missense_variant,No,p.Ser113Thr,0.20616883116883117,0.1879261933413558,9889
22,A_X51970_A_azure,SAg,494,A,T,p.T114S,0.19957429556051084,14026.0,missense_variant,No,p.Thr114Ser,0.20359886777193692,0.19552845528455284,9947
23,A_X51970_A_azure,SAg,741,G,T,p.W196L,0.1425688628796287,5049.0,missense_variant,No,p.Trp196Leu,0.14242177976432344,0.14271397073561837,9981
24,A_X51970_A_azure,SAg,779,G,T,p.V209L,0.19079754601226995,7251.0,missense_variant,No,p.Val209Leu,0.1937616195001033,0.18789228588783155,9956
25,A_X51970_A_azure,SAg,293,G,A,p.V47M,0.16270661157024793,6421.0,missense_variant,No,p.Val47Met,0.18317757009345795,0.14244604316546763,9769
26,A_X51970_A_azure,SAg,785,T,C,p.S211P,0.9254003648895196,49314.0,missense_variant,No,p.Ser211Pro,0.9028206711962117,0.9472948692353763,9971
27,A_X51970_A_azure,SAg,791,A,T,p.I213L,0.17486681291131306,3925.0,missense_variant,No,p.Ile213Leu,0.15726681127982647,0.19121499093290348,9964
28,A_X51970_A_azure,SAg,834,A,G,p.*227*,0.19485777912744204,11398.0,splice_region_variant&stop_retained_variant,No,p.Ter227Ter,0.20201816347124116,0.1876523151909017,9975
